driver,control,accuracy_gap_rf_r2
KRAS,GAPDH,-0.0011679824523830318
TP53,GAPDH,-0.01378279868029808
