feature,importance
ATF2,0.26874487911261724
MSL3,0.25873832117082757
AGK,0.23875262054198745
STRADA,0.2337641791745677
