feature,importance
ASCC1,0.2616860191116575
AC008894.2,0.25476199477222977
COPS7B,0.2507292431775711
EDC3,0.23282274293854155
