feature,importance
STRADA,0.26003958129480137
ASXL1,0.2599656005337322
MECP2,0.2467187679858168
TBC1D5,0.23327605018564976
