driver,control,accuracy_gap_rf_r2
KRAS,GAPDH,-0.0010355239056684118
TP53,GAPDH,-0.01233600075618535
