driver,control,accuracy_gap_rf_r2
KRAS,GAPDH,-0.0007547474924625153
TP53,GAPDH,-0.011511779917330434
