driver,control,accuracy_gap_rf_r2
KRAS,GAPDH,-0.0008059185984310435
TP53,GAPDH,-0.011947065190959782
