driver,control,accuracy_gap_rf_r2
KRAS,GAPDH,-0.0013229923847167813
TP53,GAPDH,-0.01567134597126496
