feature,importance
EDC3,0.5026798206276952
AC008894.2,0.4973201793723048
