feature,importance
STRADA,0.5080170022774813
TBC1D5,0.49198299772251886
