feature,importance
MSL3,0.5024880593479744
AGK,0.4975119406520256
