driver,control,accuracy_gap_rf_r2
KRAS,GAPDH,-0.0008123737663547903
TP53,GAPDH,-0.011819266460784683
