driver,control,accuracy_gap_rf_r2
KRAS,GAPDH,-0.0008092207826218001
TP53,GAPDH,-0.011255586131957984
