driver,control,accuracy_gap_rf_r2
KRAS,GAPDH,-0.0011304569433514544
TP53,GAPDH,-0.013719732356561765
