feature,importance
ASXL1,0.17995166441347743
ARMC8,0.17982352088749678
STRADA,0.17008748371563373
MECP2,0.16672450428451846
TBC1D5,0.15995160905442835
RBM23,0.1434612176444453
