feature,importance
CERS5,0.17198842835128378
EDC3,0.1690793803255781
COPS7B,0.16894554767877182
ASCC1,0.16745415045308706
AC008894.2,0.16487885873257213
POT1,0.15765363445870711
