feature,importance
ATF2,0.18124206992733347
STRADA,0.17749905349629966
MSL3,0.16624587340366292
IFT80,0.16374383512323507
AGK,0.156254988426177
TBC1D5,0.1550141796232918
