driver,control,accuracy_gap_rf_r2
KRAS,GAPDH,-0.0008095005858272941
TP53,GAPDH,-0.011851067243431102
