driver,control,accuracy_gap_rf_r2
KRAS,GAPDH,-0.0010479365252056283
TP53,GAPDH,-0.012819223493912513
